<root>
  <config ssid="support" pswd="pico@2019" serverip="192.168.1.103" port="8081" id="0" />
  <Apps>
    <AppList>
      <app id="1" category="0">
        <name>Filemanager</name>
        <posterURL>file.png</posterURL>
        <pkgname>com.pvr.filemanager</pkgname>
      </app>
    </AppList>
    <AppCategories />
  </Apps>
  <Clients>
    <ClientList>
    </ClientList>
    <ClientCategories />
  </Clients>
  <Videos>
    <VideoList>
    </VideoList>
    <VideoCategories />
  </Videos>
  <Pictures>
    <PictureList>
    </PictureList>
    <PictureCategories />
  </Pictures>
</root>